<?xml version="1.0" encoding="UTF-8"?>
<!DOCTYPE hibernate-configuration PUBLIC
		"-//Hibernate/Hibernate Configuration DTD 3.0//EN"
		"http://www.hibernate.org/dtd/hibernate-configuration-3.0.dtd">
<hibernate-configuration>
    <session-factory>
        <property name="hibernate.connection.driver_class">oracle.jdbc.driver.OracleDriver</property>
        <property name="hibernate.connection.password">TRIPOD</property>
        <property name="hibernate.connection.url">jdbc:oracle:thin:@localhost:1521:xe</property>
        <property name="hibernate.connection.username">TRIPOD</property>
        <property name="hibernate.dialect">org.hibernate.dialect.Oracle10gDialect</property>
        
        <property name="hibernate.hbm2ddl.auto">update</property>
        <property name="show_sql">true</property>
        
        <mapping class="Model.User1"/>
        <mapping class="Model.Vendor"/>
        <mapping class="Model.Admin"/>
        <mapping class="Model.Items"/>
        <mapping class="Model.Cart"/>
        <mapping class="Model.Order"/>
        <mapping class="Model.Category"/>
        
    </session-factory>
</hibernate-configuration>
